{
	"partitions" : [
		{
			"name" : "Top",
			"pins" : [
				{
					"name" : "x_sel",
					"strict" : false
				},
				{
					"name" : "y_sel",
					"strict" : false
				},
				{
					"name" : "y_en",
					"strict" : false
				},
				{
					"name" : "x_en",
					"strict" : false
				},
				{
					"name" : "output_en",
					"strict" : false
				},
				{
					"name" : "done",
					"strict" : false
				},
				{
					"name" : "x_lt_y",
					"strict" : false
				},
				{
					"name" : "x_ne_y",
					"strict" : false
				},
				{
					"name" : "clk",
					"strict" : false
				},
				{
					"name" : "reset",
					"strict" : false
				},
				{
					"name" : "go",
					"strict" : false
				}
			]
		}
	]
}