{
	"partitions" : [
		{
			"name" : "Top",
			"pins" : [
				{
					"name" : "done",
					"strict" : false
				},
				{
					"name" : "output[0]",
					"strict" : false
				},
				{
					"name" : "output[1]",
					"strict" : false
				},
				{
					"name" : "output[2]",
					"strict" : false
				},
				{
					"name" : "output[3]",
					"strict" : false
				},
				{
					"name" : "output[4]",
					"strict" : false
				},
				{
					"name" : "output[5]",
					"strict" : false
				},
				{
					"name" : "output[6]",
					"strict" : false
				},
				{
					"name" : "output[7]",
					"strict" : false
				},
				{
					"name" : "clk",
					"strict" : false
				},
				{
					"name" : "rst",
					"strict" : false
				},
				{
					"name" : "go",
					"strict" : false
				},
				{
					"name" : "x[0]",
					"strict" : false
				},
				{
					"name" : "x[1]",
					"strict" : false
				},
				{
					"name" : "x[2]",
					"strict" : false
				},
				{
					"name" : "x[3]",
					"strict" : false
				},
				{
					"name" : "x[4]",
					"strict" : false
				},
				{
					"name" : "x[5]",
					"strict" : false
				},
				{
					"name" : "x[6]",
					"strict" : false
				},
				{
					"name" : "x[7]",
					"strict" : false
				},
				{
					"name" : "y[0]",
					"strict" : false
				},
				{
					"name" : "y[7]",
					"strict" : false
				},
				{
					"name" : "y[6]",
					"strict" : false
				},
				{
					"name" : "y[5]",
					"strict" : false
				},
				{
					"name" : "y[4]",
					"strict" : false
				},
				{
					"name" : "y[3]",
					"strict" : false
				},
				{
					"name" : "y[2]",
					"strict" : false
				},
				{
					"name" : "y[1]",
					"strict" : false
				}
			]
		}
	]
}